{
    "nm20_c0.50_q40.000_d0.50": {
        "parameters": {
            "num_matches": 20,
            "consistency_threshold": 0.5,
            "quantile_form": 40.0,
            "diversity_threshold": 0.5
        },
        "metrics": {
            "performance_ratio_mean": 0.6907581148841753,
            "performance_ratio_std": 0.13333473260936485,
            "optimal_mae": 241.82035398230087,
            "expected_mae": 117.40486725663717,
            "num_matches_processed": 1130
        }
    },
    "nm20_c0.50_q50.000_d0.50": {
        "parameters": {
            "num_matches": 20,
            "consistency_threshold": 0.5,
            "quantile_form": 50.0,
            "diversity_threshold": 0.5
        },
        "metrics": {
            "performance_ratio_mean": 0.6907581148841753,
            "performance_ratio_std": 0.13333473260936485,
            "optimal_mae": 241.82035398230087,
            "expected_mae": 117.40486725663717,
            "num_matches_processed": 1130
        }
    },
    "nm20_c0.50_q60.000_d0.50": {
        "parameters": {
            "num_matches": 20,
            "consistency_threshold": 0.5,
            "quantile_form": 60.0,
            "diversity_threshold": 0.5
        },
        "metrics": {
            "performance_ratio_mean": 0.6907581148841753,
            "performance_ratio_std": 0.13333473260936485,
            "optimal_mae": 241.82035398230087,
            "expected_mae": 117.40486725663717,
            "num_matches_processed": 1130
        }
    },
    "nm20_c0.50_q70.000_d0.50": {
        "parameters": {
            "num_matches": 20,
            "consistency_threshold": 0.5,
            "quantile_form": 70.0,
            "diversity_threshold": 0.5
        },
        "metrics": {
            "performance_ratio_mean": 0.6907581148841753,
            "performance_ratio_std": 0.13333473260936485,
            "optimal_mae": 241.82035398230087,
            "expected_mae": 117.40486725663717,
            "num_matches_processed": 1130
        }
    },
    "nm30_c0.50_q40.000_d0.50": {
        "parameters": {
            "num_matches": 30,
            "consistency_threshold": 0.5,
            "quantile_form": 40.0,
            "diversity_threshold": 0.5
        },
        "metrics": {
            "performance_ratio_mean": 0.6971776262755909,
            "performance_ratio_std": 0.13236723138686468,
            "optimal_mae": 236.50884955752213,
            "expected_mae": 118.32775811209437,
            "num_matches_processed": 1130
        }
    },
    "nm40_c0.50_q40.000_d0.50": {
        "parameters": {
            "num_matches": 40,
            "consistency_threshold": 0.5,
            "quantile_form": 40.0,
            "diversity_threshold": 0.5
        },
        "metrics": {
            "performance_ratio_mean": 0.7014662878030952,
            "performance_ratio_std": 0.13070911531248305,
            "optimal_mae": 233.3504424778761,
            "expected_mae": 117.50546460176993,
            "num_matches_processed": 1130
        }
    },
    "nm50_c0.50_q40.000_d0.50": {
        "parameters": {
            "num_matches": 50,
            "consistency_threshold": 0.5,
            "quantile_form": 40.0,
            "diversity_threshold": 0.5
        },
        "metrics": {
            "performance_ratio_mean": 0.700164512431145,
            "performance_ratio_std": 0.13204164098330315,
            "optimal_mae": 234.7504424778761,
            "expected_mae": 119.76745132743363,
            "num_matches_processed": 1130
        }
    },
    "nm60_c0.50_q40.000_d0.50": {
        "parameters": {
            "num_matches": 60,
            "consistency_threshold": 0.5,
            "quantile_form": 40.0,
            "diversity_threshold": 0.5
        },
        "metrics": {
            "performance_ratio_mean": 0.7043198923320911,
            "performance_ratio_std": 0.12779411927114281,
            "optimal_mae": 231.98318584070796,
            "expected_mae": 116.50442477876106,
            "num_matches_processed": 1130
        }
    },
    "nm70_c0.50_q40.000_d0.50": {
        "parameters": {
            "num_matches": 70,
            "consistency_threshold": 0.5,
            "quantile_form": 40.0,
            "diversity_threshold": 0.5
        },
        "metrics": {
            "performance_ratio_mean": 0.7045412352316064,
            "performance_ratio_std": 0.12925957295061757,
            "optimal_mae": 231.21238938053096,
            "expected_mae": 118.39251580278129,
            "num_matches_processed": 1130
        }
    },
    "nm80_c0.50_q40.000_d0.50": {
        "parameters": {
            "num_matches": 80,
            "consistency_threshold": 0.5,
            "quantile_form": 40.0,
            "diversity_threshold": 0.5
        },
        "metrics": {
            "performance_ratio_mean": 0.7052758156227206,
            "performance_ratio_std": 0.1289823824702707,
            "optimal_mae": 230.9141592920354,
            "expected_mae": 117.90905973451326,
            "num_matches_processed": 1130
        }
    },
    "nm25_c0.50_q40.000_d0.50": {
        "parameters": {
            "num_matches": 25,
            "consistency_threshold": 0.5,
            "quantile_form": 40.0,
            "diversity_threshold": 0.5
        },
        "metrics": {
            "performance_ratio_mean": 0.6949521815924086,
            "performance_ratio_std": 0.13034136418859898,
            "optimal_mae": 238.68849557522122,
            "expected_mae": 116.80109734513273,
            "num_matches_processed": 1130
        }
    },
    "nm35_c0.50_q40.000_d0.50": {
        "parameters": {
            "num_matches": 35,
            "consistency_threshold": 0.5,
            "quantile_form": 40.0,
            "diversity_threshold": 0.5
        },
        "metrics": {
            "performance_ratio_mean": 0.6984749714446045,
            "performance_ratio_std": 0.12945254442671422,
            "optimal_mae": 235.92566371681417,
            "expected_mae": 118.09769911504426,
            "num_matches_processed": 1130
        }
    },
    "nm45_c0.50_q40.000_d0.50": {
        "parameters": {
            "num_matches": 45,
            "consistency_threshold": 0.5,
            "quantile_form": 40.0,
            "diversity_threshold": 0.5
        },
        "metrics": {
            "performance_ratio_mean": 0.7021011400678236,
            "performance_ratio_std": 0.13231997011217408,
            "optimal_mae": 233.13097345132743,
            "expected_mae": 118.98914454277286,
            "num_matches_processed": 1130
        }
    },
    "nm55_c0.50_q40.000_d0.50": {
        "parameters": {
            "num_matches": 55,
            "consistency_threshold": 0.5,
            "quantile_form": 40.0,
            "diversity_threshold": 0.5
        },
        "metrics": {
            "performance_ratio_mean": 0.7013039914119402,
            "performance_ratio_std": 0.1292391509617272,
            "optimal_mae": 234.14601769911505,
            "expected_mae": 118.42954143201929,
            "num_matches_processed": 1130
        }
    },
    "nm65_c0.50_q40.000_d0.50": {
        "parameters": {
            "num_matches": 65,
            "consistency_threshold": 0.5,
            "quantile_form": 40.0,
            "diversity_threshold": 0.5
        },
        "metrics": {
            "performance_ratio_mean": 0.7048724775789755,
            "performance_ratio_std": 0.1287459449926213,
            "optimal_mae": 231.1938053097345,
            "expected_mae": 117.66663036078967,
            "num_matches_processed": 1130
        }
    },
    "nm75_c0.50_q40.000_d0.50": {
        "parameters": {
            "num_matches": 75,
            "consistency_threshold": 0.5,
            "quantile_form": 40.0,
            "diversity_threshold": 0.5
        },
        "metrics": {
            "performance_ratio_mean": 0.7056936610587661,
            "performance_ratio_std": 0.12842857217338113,
            "optimal_mae": 230.54690265486727,